Tissue,Estimated,Observed
Lung,0.002303527,0.002188113
Plasma,0.001826713,0.002233005
Plasma_nex,0.002308415,0.002287381
pLN,0.002220019,0.002181019
tLN,0.002443911,0.00248603